PID,grantee_upper,owner_group_id,total_consideration,pid_in_bldg_panel,n_deeds_rtt,n_pids_rtt,n_pids_owner
461174000,CITY OF PHILADELPHIA,335,800,FALSE,1236,1216,1215
121157300,CITY OF PHILADELPHIA,335,800,FALSE,1236,1216,1215
885313100,CITY OF PHILADELPHIA,335,800,FALSE,1236,1216,1215
232227300,CITY OF PHILADELPHIA,335,800,FALSE,1236,1216,1215
405842300,CITY OF PHILADELPHIA,335,143000,FALSE,1236,1216,1215
071418300,CITY OF PHILADELPHIA,335,800,FALSE,1236,1216,1215
252455000,CITY OF PHILADELPHIA,335,800,FALSE,1236,1216,1215
121054400,CITY OF PHILADELPHIA,335,800,FALSE,1236,1216,1215
492186000,CITY OF PHILADELPHIA,335,800,FALSE,1236,1216,1215
232282100,CITY OF PHILADELPHIA,335,800,FALSE,1236,1216,1215
871529250,CITY OF PHILADELPHIA,335,800,FALSE,1236,1216,1215
884244700,LAFAYETTE REALTY AND DEVELOPME,405,8e+05,FALSE,1,1,1
301231500,DARWEIS INC,651,10000,TRUE,30,29,29
422275700,FEDERAL NATIONAL MORTGAGE ASSOCIATION,770,20000,FALSE,1887,1866,1852
272136100,FEDERAL NATIONAL MORTGAGE ASSOCIATION,770,70000,FALSE,1887,1866,1852
172322200,FEDERAL NATIONAL MORTGAGE ASSOCIATION,770,15200,FALSE,1887,1866,1852
452104500,FEDERAL NATIONAL MORTGAGE ASSOCIATION,770,25000,TRUE,1887,1866,1852
433186400,FEDERAL NATIONAL MORTGAGE ASSOCIATION,770,3800,TRUE,1887,1866,1852
406089300,FEDERAL NATIONAL MORTGAGE ASSOCIATION,770,6100,TRUE,1887,1866,1852
452278700,FEDERAL NATIONAL MORTGAGE ASSOCIATION,770,5000,TRUE,1887,1866,1852
621170100,FEDERAL NATIONAL MORTGAGE ASSOCIATION,770,10000,TRUE,1887,1866,1852
502219280,FEDERAL NATIONAL MORTGAGE ASSOCIATION,770,40000,FALSE,1887,1866,1852
871602075,FEDERAL NATIONAL MORTGAGE ASSOCIATION,770,7800,FALSE,1887,1866,1852
482351500,FEDERAL NATIONAL MORTGAGE ASSOCIATION,770,5200,TRUE,1887,1866,1852
491466300,FEDERAL NATIONAL MORTGAGE ASSOCIATION,770,20000,TRUE,1887,1866,1852
491079200,FEDERAL NATIONAL MORTGAGE ASSOCIATION,770,25000,TRUE,1887,1866,1852
223036200,FEDERAL NATIONAL MORTGAGE ASSOCIATION,770,17000,FALSE,1887,1866,1852
542055200,FEDERAL NATIONAL MORTGAGE ASSOCIATION,770,55000,TRUE,1887,1866,1852
493174100,FEDERAL NATIONAL MORTGAGE ASSOCIATION,770,37800,TRUE,1887,1866,1852
582521456,FEDERAL NATIONAL MORTGAGE ASSOCIATION,770,95000,FALSE,1887,1866,1852
121181200,BANK OF NEW YORK TR,787,10200,FALSE,566,560,537
123035400,BANK OF NEW YORK TR,787,25000,TRUE,566,560,537
043089600,BANK OF NEW YORK TR,787,8400,TRUE,566,560,537
033200700,BANK OF NEW YORK TR,787,6400,TRUE,566,560,537
884276500,PIDC FINANCING CORPORATION,801,1180000,FALSE,63,62,62
182176700,PIDC FINANCING CORPORATION,801,3800000,TRUE,63,62,62
122104900,HABANA ACQUISITIONS CORP,839,5000,FALSE,3,3,10
351341400,COUNTRYWIDE HOME LOANS INC,1075,3800,FALSE,354,353,349
123163600,MIDFIRST BANK,1076,14700,TRUE,470,458,457
622302600,MIDFIRST BANK,1076,11700,TRUE,470,458,457
123178600,MIDFIRST BANK,1076,4600,FALSE,470,458,457
621009900,MIDFIRST BANK,1076,20000,TRUE,470,458,457
033020800,COLUMBIA NATIONAL INC,1077,15000,FALSE,113,113,114
343161000,FIRST UNION NATIONAL BANK TR,1078,13000,FALSE,238,235,233
314060900,FIRST UNION NATIONAL BANK TR,1078,5700,TRUE,238,235,233
341236800,WILLIAM LEE CORP,1202,12500,TRUE,2,2,4
102426700,SECRETARY OF HOUSING AND URBAN DEVELOPME,1214,60000,FALSE,1031,1023,1018
621337800,SECRETARY OF HOUSING AND URBAN DEVELOPME,1214,4600,FALSE,1031,1023,1018
232031900,SECRETARY OF HOUSING AND URBAN DEVELOPME,1214,10100,TRUE,1031,1023,1018
411015300,SECRETARY OF HOUSING AND URBAN DEVELOPME,1214,6200,TRUE,1031,1023,1018
452092100,SECRETARY OF HOUSING AND URBAN DEVELOPME,1214,4200,TRUE,1031,1023,1018
071132500,SECRETARY OF HOUSING AND URBAN DEVELOPME,1214,4800,TRUE,1031,1023,1018
161015400,SECRETARY OF HOUSING AND URBAN DEVELOPME,1214,20100,TRUE,1031,1023,1018
592287800,SECRETARY OF HOUSING AND URBAN DEVELOPME,1214,21000,TRUE,1031,1023,1018
621586100,SECRETARY OF HOUSING AND URBAN DEVELOPME,1214,20000,TRUE,1031,1023,1018
222102000,SECRETARY OF HOUSING AND URBAN DEVELOPME,1214,35000,FALSE,1031,1023,1018
621369800,SECRETARY OF HOUSING AND URBAN DEVELOPME,1214,10000,TRUE,1031,1023,1018
351124600,SECRETARY OF HOUSING AND URBAN DEVELOPME,1214,3700,FALSE,1031,1023,1018
531240300,SECRETARY OF HOUSING AND URBAN DEVELOPME,1214,25000,TRUE,1031,1023,1018
552134100,SECRETARY OF HOUSING AND URBAN DEVELOPME,1214,5400,TRUE,1031,1023,1018
411030100,SECRETARY OF HOUSING AND URBAN DEVELOPME,1214,3600,TRUE,1031,1023,1018
401316100,SECRETARY OF HOUSING AND URBAN DEVELOPME,1214,20000,TRUE,1031,1023,1018
411148700,SECRETARY OF HOUSING AND URBAN DEVELOPME,1214,3000,FALSE,1031,1023,1018
411287300,SECRETARY OF HOUSING AND URBAN DEVELOPME,1214,3800,TRUE,1031,1023,1018
311234700,SECRETARY OF HOUSING AND URBAN DEVELOPME,1214,3100,TRUE,1031,1023,1018
364402600,SOURCE ONE PROPERTIES INC,1355,21900,TRUE,92,90,97
101010500,SOURCE ONE PROPERTIES INC,1355,11000,FALSE,92,90,97
313078700,NINE LLC,1364,20000,TRUE,24,24,23
481312700,FEDERAL HOME LOAN MORTGAGE CORPORATION,1617,20000,FALSE,1020,1010,1034
521194200,FEDERAL HOME LOAN MORTGAGE CORPORATION,1617,63000,TRUE,1020,1010,1034
572229900,FEDERAL HOME LOAN MORTGAGE CORPORATION,1617,40000,FALSE,1020,1010,1034
631289500,FEDERAL HOME LOAN MORTGAGE CORPORATION,1617,2756.32,TRUE,1020,1010,1034
162264900,FEDERAL HOME LOAN MORTGAGE CORPORATION,1617,14600,TRUE,1020,1010,1034
393414700,FEDERAL HOME LOAN MORTGAGE CORPORATION,1617,4500,TRUE,1020,1010,1034
532198000,AAMES CAPITAL CORPORATION,1737,21100,TRUE,22,22,31
522145600,BANKERS TRUST COMPANY OF CALIFORNIA N A,1797,12500,TRUE,233,233,233
421294100,EMC MORTGAGE CORPORATION,1819,4400,FALSE,327,325,340
622111600,EMC MORTGAGE CORPORATION,1819,5400,TRUE,327,325,340
332501500,EMC MORTGAGE CORPORATION,1819,25000,TRUE,327,325,340
111015300,EMC MORTGAGE CORPORATION,1819,14900,TRUE,327,325,340
511240000,OCWEN FEDERAL BANK FSB,1963,11900,TRUE,206,203,194
031046500,OCWEN FEDERAL BANK FSB,1963,5600,TRUE,206,203,194
232117210,COMMUNITY DEVELOPMENT CORPORATION OF FRA,1996,16250,FALSE,4,4,4
132410500,GMAC MORTGAGE CORPORATION,2152,3800,TRUE,144,142,249
663380900,STATE STREET BANK AND TRUST COMPANY,2367,50000,FALSE,10,10,11
324022900,HOMECOMINGS FINANCIAL NETWORK INC,2506,10100,FALSE,115,113,125
461135500,HOMECOMINGS FINANCIAL NETWORK INC,2506,60000,TRUE,115,113,125
591206800,R E ASSOCIATES INC,2531,38500,FALSE,71,71,83
102466300,GE CAPITAL MORTGAGE SERVICES INC,2540,10500,FALSE,35,35,36
152208200,SPARKLE CITY REALTY INC,2574,17500,TRUE,26,26,26
411271900,EQUESTRIAN ESTATES DEVELOPMENT CORP,2642,6900,TRUE,1,1,1
452301000,SECRETARY OF HOUSING & URBAN DEVELOPMENT,2728,3300,TRUE,70,70,70
403034400,AMERICAN GENERAL FINANCE INC,2735,11300,FALSE,7,7,7
511042000,STATE STREET BANK AND TRUST COMPANY TR,2837,26000,TRUE,25,25,26
311094500,LAWNDALE EQUITIES INC,2992,15100,TRUE,216,216,199
541094200,LAWNDALE EQUITIES INC,2992,34500,TRUE,216,216,199
251101800,LAWNDALE EQUITIES INC,2992,18000,TRUE,216,216,199
622181200,LAWNDALE EQUITIES INC,2992,31000,FALSE,216,216,199
233057100,LAWNDALE EQUITIES INC,2992,31000,TRUE,216,216,199
492198700,BENEFICIAL MORTGAGE CORPORATION,3140,15500,TRUE,11,10,11
871562180,EQUITY ONE INC,3205,22600,TRUE,57,57,66
252318400,PRINCIPAL EQUITIES INC,3240,24000,TRUE,45,45,42
884000103,PS PENNSYLVANIA TRUST,3332,3100000,FALSE,3,3,3
871602290,R & K REALTY ENTERPRISE L L C,3491,33600,TRUE,2,2,3
012029800,QUEEN VILLAGE DEVELOPMENT L P,3909,93000,TRUE,32,32,38
621066000,FLEET MORTGAGE CORP,4054,4700,FALSE,41,41,52
452073200,FLEET MORTGAGE CORP,4054,9300,FALSE,41,41,52
181366015,HOMESIDE LENDING INC,4056,6000,TRUE,99,99,96
422091900,HOMESIDE LENDING INC,4056,3100,FALSE,99,99,96
604178300,BANKERS TRUST COMPANY OF CALIFORNIA,4176,6600,TRUE,46,46,45
241192500,DREXEL PROPERTY GROUP LLC,4601,120000,TRUE,8,8,21
582444900,HARRIS TRUST AND SAVINGS BANK TR,4720,7700,FALSE,10,10,9
011021000,EASY LIVING DEVELOPMENT LLP,4811,107500,FALSE,17,17,22
642139100,NATIONAL CITY MORTGAGE INC,4888,120000,TRUE,1,1,79
621439900,ALTEGRA CREDIT COMPANY,5046,20000,TRUE,52,52,53
406037900,SECRETARY OF HOUSING AND URBAN DEVELOP,5473,15000,FALSE,158,157,155
411093400,SECRETARY OF HOUSING AND URBAN DEVELOP,5473,3400,TRUE,158,157,155
433049900,SECRETARY OF HOUSING AND URBAN DEVELOP,5473,4100,FALSE,158,157,155
881607615,CAMPUS REALTY PROPERTIES III L P,5637,2450000,TRUE,11,11,21
071485200,MELLON BANK N A,5733,3500,TRUE,26,26,26
232032300,MANUFACTURERS AND TRADERS TRUST COMPANY,6100,25000,TRUE,61,61,61
622157425,HELPING HOMES INC,6167,23500,TRUE,4,4,4
171346300,LASALLE NATIONAL BANK TR,6281,48400,TRUE,57,57,56
403328000,AURORA LOAN SERVICES,6480,10000,TRUE,12,12,238
351026700,AURORA LOAN SERVICES INC,6480,75000,TRUE,139,138,238
133036600,AURORA LOAN SERVICES INC,6480,85000,TRUE,139,138,238
101155900,AURORA LOAN SERVICES INC,6480,4900,FALSE,139,138,238
612305100,P C J PROPERTIES LLC,6909,22500,FALSE,2,2,2
452159900,SILVERWOOD REAL ESTATE LTD,6939,23935,TRUE,6,6,6
871505710,PARTNERSHIP CDC,7099,22300,TRUE,38,37,34
882244700,ASSOCIATION FOR INDEPENDENT GROWTH INC,7925,242475,FALSE,21,21,23
514154600,FIRST NATIONAL BANK OF CHICAGO TR,8028,17000,TRUE,18,18,17
502058100,BENEFICIAL CONSUMER DISCOUNT COMPANY; BENEFICIAL MORTGAGE COMPANY OF PA,8220,11300,FALSE,6,6,7
132301300,J A PROPERTIES LLC,8655,6000,TRUE,10,10,10
331442500,LANDVEST LLP,8732,10000,TRUE,3,3,9
401021800,1; CHASE MANHATTAN BANK TR,8995,4900,TRUE,1,1,1
382027800,U S BANK NATIONAL ASSOCIATION TR,9655,6600,FALSE,687,675,650
041235600,WELLS FARGO HOME MORTGAGE INC,10944,6900,TRUE,123,122,128
511064300,HOUSEHOLD FINANCE CONSUMER DISCOUNT COMPANY,11088,3700,FALSE,120,118,126
364134500,HOUSEHOLD FINANCE CONSUMER DISCOUNT COMPANY,11088,4800,TRUE,120,118,126
012125200,HV HOMES INC,11513,27000,FALSE,138,137,136
561157200,LEVEL II BUILDERS INC,11837,55000,FALSE,2,2,2
612211300,CITICORP MORTGAGE INC; CITIMORTGAGE INC,12316,7300,FALSE,51,50,49
612001600,CITICORP MORTGAGE INC; CITIMORTGAGE INC,12316,8700,FALSE,51,50,49
882927545,J & C WHOLESALE MEATS INC,12712,170000,FALSE,2,2,2
021412710,JEFFERSON SQUARE COMMUNITY DEVELOPMENT C,13272,175000,FALSE,15,15,15
011323605,JEFFERSON SQUARE COMMUNITY DEVELOPMENT C,13272,25000,FALSE,15,15,15
313219800,PLEDGED PROPERTY II LLC,13631,9800,FALSE,63,63,96
302010600,HENKELS & WAGNER CO,14154,46000,FALSE,1,1,3
363109500,FINANCE SOURCE CO LLC,14169,10200,TRUE,84,84,113
233120800,WASHINGTON MUTUAL BANK FA,14522,4100,FALSE,282,282,281
401315200,WASHINGTON MUTUAL BANK FA,14522,20000,FALSE,282,282,281
082091800,WASHINGTON MUTUAL BANK FA,14522,480000,FALSE,282,282,281
491258700,WASHINGTON MUTUAL BANK FA,14522,8300,TRUE,282,282,281
591055700,WASHINGTON MUTUAL BANK FA,14522,12000,TRUE,282,282,281
321201800,TEMPLETOWN PROPERTIES II LP,14995,36500,TRUE,32,32,31
321079800,TEMPLETOWN PROPERTIES II LP,14995,13000,TRUE,32,32,31
881210020,SIMON GARDEN REALTY CO L P,15469,850000,TRUE,2,2,2
611293400,MORTGAGE ELECTRONIC REGISTRATION SYSTEMS INC,15664,80000,TRUE,14,14,94
043183200,FEDERAL FINANCIAL CO,15704,4800,TRUE,3,3,4
521417300,TEMPLE INLAND MORTGAGE CORPORATION,16955,10300,FALSE,1,1,2
122163600,EQUICREDIT CORPORATION OF AMERICA,17823,7300,TRUE,58,56,53
581248901,COSTA HOMES INC,18771,2000,FALSE,2,2,2
221128700,JJB INVESTMENTS LLC,18853,29000,FALSE,6,6,12
462057000,TIGER RELOCATION CO,21375,6300,FALSE,30,30,54
881170000,BASSMAN FAMILY L P NORTHEAST LLC; NORTHEAST APARTMENTS ASSOCIATES L P,21685,13621318.9,TRUE,6,6,6
552440200,HIBERNIAN COMMUNITY DEVELOPMENT CORP,22221,50000,FALSE,5,5,5
021568100,JK DEVELOPMENT ASSSOCIATES LP,22478,6000,FALSE,1,1,1
482171300,BANK ONE NATIONAL ASSOCIATION TR,22536,15000,TRUE,72,72,67
401159700,BANK ONE NATIONAL ASSOCIATION TR,22536,15000,TRUE,72,72,67
364307800,DECORA RENTALS LLC,22660,25000,TRUE,3,3,3
381171300,HOMEAMERICAN CREDIT INC; TIGER RELOCATION CO; UPLAND MORTGAGE,23796,2600,FALSE,21,21,25
883088503,CLIVIS LP,23845,150000,FALSE,1,1,1
663206700,M I S I LP,24028,64000,FALSE,27,27,27
612517000,M I S I LP,24028,47000,FALSE,27,27,27
351299200,CHASE BANK TR,24171,15600,FALSE,3,3,3
871270850,700 SANSOM STREET REAL ESTATE,24271,319000,TRUE,1,1,1
053046550,PRUDENTIAL RESIDENTIAL SERVICES LP,24336,379000,FALSE,6,6,16
452319000,LFC PROPERTIES INC,24540,20000,TRUE,35,35,32
131267500,WELLS FARGO BANK MINNESOTA N A TR,25965,6400,TRUE,158,158,149
452318800,ADVANCED ACQUSITION AND FUNDING INC,26497,11500,TRUE,1,1,1
452011600,WELLS FARGO BANK N A,27296,5900,TRUE,491,488,483
211296200,CUTTING EDGE REALTY LLC,27935,35000,TRUE,9,9,7
343103900,PERUTO PROPERTIES LLC,28169,39600,TRUE,43,43,43
344040100,PERUTO PROPERTIES LLC,28169,34300,TRUE,43,43,43
344374900,LA SALLE NATIONAL BANK TR,28298,16800,FALSE,2,2,2
561079500,PRIME RENTALS LLC,28602,85000,FALSE,249,249,238
871164750,PC & PG CORPORATION,29220,112000,TRUE,3,3,3
043151500,ALMAX HOMES INC,31363,17500,TRUE,69,69,63
034037000,ALMAX HOMES INC,31363,21100,TRUE,69,69,63
482092700,KD PROPERTIES INC,31637,19000,TRUE,4,4,3
622438600,MANUFACTURERS & TRADERS TRUST COMPANY TR,31917,9100,TRUE,24,24,22
463287200,WELLS FARGO BANK MINNESOTA,32145,4400,TRUE,19,19,19
301353000,IRISH ALE HOUSE INC,33716,17000,TRUE,1,1,1
622009500,EQUITY PARTNERS FUND XI LLC,34322,79500,TRUE,1,1,12
501400200,CITIFINANCIAL MORTGAGE COMPANY INC,35355,11500,FALSE,47,47,106
403322400,CITIFINANCIAL MORTGAGE COMPANY INC,35355,4900,FALSE,47,47,106
882751000,JSG LLC,36621,375000,FALSE,1,1,1
663091500,REALTY TERMS INC,37815,115000,FALSE,54,54,50
886810079,BELMONT AFFORDABLE HOUSING IV LP,39472,20000,TRUE,2,2,13
091212900,CHESTNUT HILL REAL ESTATE LP,40053,133000,TRUE,12,12,15
501066100,CITIMORTGAGE INC,40079,6900,FALSE,252,247,246
352242100,RARE RENTALS LLC,40187,48000,TRUE,68,67,59
511091400,ST MATTHEWS HOLINESS CHURCH,40365,3000,FALSE,1,1,1
882967190,DEBEARS REALTY LLC,40380,150000,FALSE,1,1,2
612235400,GINNS BOND & MORTGAGE COMPANY,40542,13800,TRUE,4,4,5
612268100,REGIONS MORTGAGE INC,40943,14200,FALSE,4,4,4
401184300,CARPENTER INVESTMENT GROUP LP,41361,29000,FALSE,15,15,24
233084900,MERIDIAN PROPERTY GROUP LLC,41384,16500,FALSE,7,7,7
882730000,SANDHU PROPERTIES INC,42499,260000,FALSE,12,12,12
121068900,AMAM MANAGEMENT INC,43090,8900,TRUE,51,51,54
452319000,INGOMAR LIMITED PARTNERSHIP,43184,11100,TRUE,16,16,15
022108772,MI-MC DEVELOPMENT COMPANY LLC,44063,1050000,FALSE,7,7,7
501113400,CHAMPION MORTGAGE; KEY BANK USA NATIONAL ASSOCIATION,44462,85000,FALSE,30,30,29
882421500,2211 SPRUCE PARTNERS L P,44679,1800000,FALSE,4,4,5
882027655,PHILIP F BOGATIN INC,44842,121000,FALSE,1,1,1
392149000,JC PHILADELPHIA PROPERTIES,45799,23900,TRUE,1,1,7
871538870,MORRIS-HARRISON INC,46538,21000,TRUE,27,27,23
881125205,CHOICE RENTALS LLC,46593,450000,TRUE,163,163,159
332401300,CHOICE RENTALS LLC,46593,65000,FALSE,163,163,159
453432800,CHOICE RENTALS LLC,46593,35000,FALSE,163,163,159
012524000,WINDSOR MANAGEMENT COMPANY LLC,46786,215000,TRUE,3,3,5
431177700,J PAUL INC,47098,3500,FALSE,13,12,12
431178000,J PAUL INC,47098,10000,FALSE,13,12,12
871122350,CASA VECCHIO INC,47250,160000,TRUE,1,1,1
364349600,LUCKY CONSTRUCTION INC,47889,10000,TRUE,8,8,10
601077800,TEVAH HOUSING INC,48468,88100,TRUE,12,12,12
422483400,SECRETARY OF HOUSING AN URBAN DEVELOP,48973,10000,FALSE,1,1,1
521039300,DT PROPERTY SERVICES INC,49082,13000,TRUE,47,45,45
421431600,CYNERGY LLC,51610,20500,TRUE,8,8,7
331375800,WACHOVIA BANK N A,51734,5900,TRUE,154,154,150
331243400,WACHOVIA BANK N A,51734,5500,FALSE,154,154,150
394036601,CHARTER BANK; CHARTER FEDERAL SAVINGS AND LOAN,52239,60000,FALSE,1,1,1
313175035,NVR INC; RYAN HOMES,52534,228000,FALSE,67,66,65
562313542,NVR INC; RYAN HOMES,52534,68500,FALSE,67,66,65
214159000,CHURCH SHAWN T,52673,155000,FALSE,1,1,1
281242700,LASALLE BANK NATIONAL ASSOCIATION TR,53628,4800,TRUE,136,135,130
491297600,LASALLE BANK NATIONAL ASSOCIATION TR,53628,45000,TRUE,136,135,130
452088800,NATIONAL HOUSING DEVELOPMENT CORPORATION,54165,4000,TRUE,208,206,214
031093400,AMERICAN GENERAL CONSUMER DISCOUNT COMPANY,54850,10800,TRUE,33,33,34
223152900,BANK JOHN BRADLEY; STONER DARYL E,55558,140000,FALSE,1,1,1
331139700,RALCRAM LLC,56360,16976,TRUE,71,71,69
231047300,BANK ONE FINANCIAL SERVICES INC,56788,8000,TRUE,1,1,1
262201800,BEVERLEA ENTERPRISES,58465,9350,TRUE,1,1,2
152278900,2312 PARRISH ST LLC,58495,135000,TRUE,1,1,1
482157300,DEUTSCHE BANK NATIONAL TRUST COMPANY TR,58844,20000,TRUE,1281,1252,1260
021475500,DEUTSCHE BANK NATIONAL TRUST COMPANY TR,58844,115000,TRUE,1281,1252,1260
602037700,DEUTSCHE BANK NATIONAL TRUST COMPANY TR,58844,39200,TRUE,1281,1252,1260
406290400,WACHOVIA BANK NA,59536,20000,TRUE,117,117,113
882967310,HABANA HOLDINGS CORP,59641,8000,FALSE,8,8,12
364285000,HABANA HOLDING CORP,61307,17500,TRUE,207,204,273
452312700,HABANA HOLDING CORP,61307,9000,TRUE,207,204,273
513031100,HABANA HOLDING CORPORATION,61307,5900,TRUE,67,66,273
314257600,WASHINGTON SAVINGS ASSOCIATION,61652,53000,TRUE,2,2,2
034103400,JP MORGAN CHASE BANK TR,62121,4100,TRUE,92,91,89
162158000,JULIAN K & ADRIAN C PROPERTIES LLC,63389,17000,TRUE,10,10,10
562313530,NVR INC,63998,68500,FALSE,33,33,33
562065076,NVR INC,63998,68200,FALSE,33,33,33
084105000,RG WOODSTOCK ASSOCIATES LLC,64305,270000,FALSE,4,4,6
364099100,BROOKLYN CAPITAL COMPANY LLC,65008,25000,TRUE,13,10,11
172235800,DEUTSCHE BANK NATIONAL TRUST COMPANY,65024,60000,FALSE,92,92,106
262165200,ASSOCIATED PROPERTIES OF PHILADELPHIA IN,66013,170000,FALSE,2,2,2
365186200,BVMP REAL ESTATES PARTNERSHIP LLC,67487,48000,TRUE,1,1,1
871095050,TVC 21 INC,67797,450000,TRUE,7,7,7
222198800,Y E R A INC,67851,52600,TRUE,12,12,10
452162300,SEE R HOMES INC,69186,14000,TRUE,63,63,70
482071100,FOUNDATION PROPERTIES GROUP INC,69299,31000,TRUE,4,4,5
882147095,4508 CHESTNUT STREET ASSOCIATES L P,69381,488300,TRUE,1,1,1
252558300,CALVELLO REALTY CO LLC,70142,60000,FALSE,2,2,2
182198200,FRONT STREET DEVELOPMENT LLC,71325,32000,FALSE,1,1,1
081032900,ACORN PROPERTY DEVELOPMENT LLC,71452,1225000,FALSE,5,5,5
022283100,GIMME SHELTER LLC,72517,270000,TRUE,22,22,22
362249800,JPL CAPITAL PARTNERS L P,72690,33000,TRUE,11,11,49
123071800,J & B MANAGEMENT LLP,72890,159000,TRUE,1,1,1
181370800,STONERIDGE HOLDINGS LLC,73779,70000,FALSE,43,43,44
663142600,SIRVA RELOCATION LLC,74962,174000,FALSE,14,14,13
212177300,BULLY DEVELOPMENT LLC,76084,122500,TRUE,2,2,2
071481100,BYP SERVICES INC,76103,9000,TRUE,32,32,31
622144600,P & P REAL ESTATE LLC; PFEIFFER NORMAN S,76168,39996,TRUE,1,1,1
884640000,D STREET LLC,77829,1e+05,FALSE,1,1,1
344210500,WASHINGTON MUTUAL BANK; WASHINGTON MUTUAL HOME LOANS INC,77847,22000,FALSE,1,1,1
881071200,6100 GRANANDA LLC,78138,1500000,TRUE,1,1,1
612001100,SECRETARY OF HOUSING AND URBAN DEVELOPMENT,78319,40000,TRUE,500,490,479
331194400,SECRETARY OF HOUSING AND URBAN DEVELOPMENT,78319,15000,TRUE,500,490,479
404337800,SECRETARY OF HOUSING AND URBAN DEVELOPMENT,78319,45000,FALSE,500,490,479
621465800,SECRETARY OF HOUSING AND URBAN DEVELOPMENT,78319,4600,TRUE,500,490,479
886561300,NEIGHBORHOOD RESTORATIONS LIMITED PARTNERSHIP XVI,78566,16000,TRUE,25,24,21
364307000,BAY PKWAY REALTY INC,79051,37000,TRUE,3,3,2
352085900,US CHAMPION LLC,79484,71000,TRUE,5,5,5
011426400,CASH CONSTRUCTION INC,79794,75000,TRUE,24,24,23
663141100,507-519 CARPENTER STREET DEVELOPERS LLC,81407,425000,TRUE,6,6,6
871570590,1949 E TIOGA INC,81424,25000,FALSE,1,1,1
073120900,GRG MANAGEMENT LLC,81641,24000,TRUE,9,9,10
871514170,WACHOVIA NATIONAL BANK TR,82057,220000,TRUE,1,1,1
351165900,RARE RENTAL'S LLC,83398,35000,TRUE,1,1,1
341068600,REDEVELOPMENT AUTHORITY OF THE CITY OF PHILADELPHIA,84354,5000,FALSE,86,86,84
252222900,P & P REAL ESTATE; PFIEFFER MARK,84797,35000,TRUE,1,1,1
364060100,BAY PARKWAY REALTY INC,85677,17000,TRUE,6,6,10
351145400,YATSEK LLC,86050,44900,TRUE,20,20,21
332494200,EAST WEST REALTY GROUP LLC,86051,30000,TRUE,29,29,29
252159200,WELLS FARGO BANK MINNESOTA NATIONAL ASSOCIATION TR,86812,25000,TRUE,35,35,35
882016581,IOE LLC,87720,145000,FALSE,2,1,1
871601095,6104 ADAN INC,87769,25000,FALSE,1,1,1
071375500,L&R HOUSING DEVELOPMENT GROUP,87814,6000,TRUE,1,1,1
482034800,IB PROPERTY HOLDINGS LLC,88269,11100,TRUE,73,73,70
403055000,LIBERTY TRUST FINANCIAL LLC,88913,48950,TRUE,212,210,181
433248400,LIBERTY TRUST FINANCIAL LLC,88913,35000,TRUE,212,210,181
252295900,LIBERTY TRUST FINANCIAL LLC,88913,32500,TRUE,212,210,181
452148100,LIBERTY TRUST FINANCIAL LLC,88913,47000,FALSE,212,210,181
882922187,BELLWETHER OPERATIONAL LTD,89132,120000,FALSE,2,2,2
462026900,ARCHER IV LLC,89231,60000,TRUE,3,3,4
884522946,SMART ENERGY SOLUTIONS INC,89632,320000,FALSE,2,2,2
402064200,EASTERN REAL ESTATE LLC,89904,47000,TRUE,40,39,33
871297930,MKH PROPERTY LLC,90666,5e+05,TRUE,1,1,1
012068300,L&T GROUP LLC,90973,220000,FALSE,4,4,4
632324605,TJC CONSTRUCTION & DEVELOPMENT ASSOCIATION INC,91127,220000,FALSE,5,5,6
881000236,ADDISON & HERRERRIAS INC,91207,3e+05,TRUE,1,1,1
412019300,BLV PROPERTY MANAGEMENT LLC,91314,108000,TRUE,18,18,15
621391900,BLV PROPERTY MANAGEMENT LLC,91314,70000,TRUE,18,18,15
572104400,GETTY PETROLEUM MARKETING INC,91998,3e+05,FALSE,14,14,14
062172000,EAST COAST CAPITAL COMPANY LIMITED,93426,10087.19,TRUE,1,1,11
353051200,HYPERGATE SERVICES LLC,93614,67000,TRUE,4,4,4
871042700,ALMA VISION LLC,94293,225000,TRUE,1,1,1
234291700,DAVID DELLA-CROCE LLC,94480,828000,TRUE,5,5,5
562348400,CYNERGY BUILDERS LLC,95214,2500,FALSE,3,3,3
301374100,A & A DEVELOPMENT LLC,95272,18000,FALSE,45,45,49
871030375,100 MARKET STREET LP,95308,1250000,FALSE,1,1,1
011328050,KKTM LLC,95357,120000,TRUE,3,3,3
311072400,SUMMIT ONE PROPERTIES LLC,96164,37075,FALSE,35,35,30
213251800,5860 MAGDALENA ST LLC,96482,115000,FALSE,1,1,1
871509060,ZHAN PENG ASSOCIATES L P,96698,9e+05,FALSE,1,1,1
592062800,REALTY PARTNER VENTURES,96836,50000,TRUE,2,2,5
622411100,MERCURY GROUP,97312,28000,TRUE,107,106,138
033129000,MERCURY GROUP,97312,25000,TRUE,107,106,138
132269100,MERCURY GROUP,97312,23000,TRUE,107,106,138
403214500,MERCURY GROUP,97312,26500,FALSE,107,106,138
181469500,RAC DEVELOPERS,98524,38000,FALSE,1,1,1
611106700,ARCHER WGI LLC,98753,75000,FALSE,16,16,16
501298400,Z-LINE PROFESSIONAL CORPORATION,101564,47000,TRUE,1,1,2
885719620,CHEUNG FAMILY LP,101858,670000,TRUE,1,1,1
406326500,KMC HOLDINGS LLC,103078,55000,TRUE,95,94,126
886740280,ASPEN HOUSING II L P,103180,1500,TRUE,15,15,19
301417000,CTL ASSOCIATES LLC; TALUCON DEVELOPMENT LLC,103445,60000,FALSE,2,2,2
432007310,NEW LIFE CHURCH OF GOD EVANGELICAL,103560,1000,FALSE,2,2,2
342020000,BEAL BANK SSB,105540,5000,TRUE,18,18,18
871083250,ROUGE LOUNGE INC,106047,10000,TRUE,1,1,1
011142900,RENOVA HOMES INC,106736,66000,FALSE,14,14,19
341225800,LANCASTER PROPERTY HOLDINGS LLC,106777,26000,FALSE,4,4,4
181476900,PATRIOT REAL ESTATE GROUP LP,107319,250000,TRUE,6,6,7
352201700,NATIONAL PROPERTIES GROUP INC; PATTON JOSEPH T,107483,42000,FALSE,1,1,1
403176300,EQUITY TRUST COMPANY TR,109695,60000,TRUE,5,5,5
401300800,MCHAYA LLC,110280,16000,TRUE,72,72,86
402162600,ACTIV HOMES LLC,110384,33500,FALSE,9,9,7
603154900,SOS REALTY GROUP LLC,110744,14500,TRUE,4,4,4
871600445,GOLDAN BUSINESS DEVELOPMENT CORPORATION,110829,65800,TRUE,1,1,1
611400300,WORLD SAVING BANK FSB,111873,130000,FALSE,1,1,1
393141400,MELAL INC,112029,28000,TRUE,13,13,12
433201600,METRO GROUP LLC,112067,50000,FALSE,7,7,7
481084600,929 DUDLEY LLC,112454,41000,TRUE,2,2,2
402190800,LANCELOTT FINANCIAL GROUP INC,113700,21500,TRUE,1,1,2
492103200,NATIONAL CITY BANK OF INDIANA,114188,50000,TRUE,33,33,33
221138400,NATIONAL CITY BANK OF INDIANA,114188,9800,TRUE,33,33,33
401027600,SHIMON REALTY INC,114298,23000,TRUE,5,5,4
021595200,EKMF LLC,114948,130000,FALSE,2,2,2
882966240,562 TERMINAL FACILITY LIMITED PARTNERSHIP,115195,1085000,FALSE,1,1,1
621365300,PHH MORTGAGE CORPORATION,115615,60000,TRUE,110,109,112
561306700,WING SAM INC,115653,197900,TRUE,6,6,6
885052640,BDB COMPANY,115792,1500000,FALSE,4,4,4
881436505,PHILADELPHIA HOUSING ASSOCIATES LLC,115953,4100000,TRUE,3,3,3
365302900,WAH BIN CONTRACTOR LLC,116309,18000,TRUE,4,4,4
884276400,DUTTON ROAD ASSOCIATES LP,116453,1025000,FALSE,2,2,2
301388400,HAWK INVESTMENT PROPERTIES LLC,116851,150000,FALSE,3,3,3
101044300,KEY HOME EQUITY SERVICES,117252,45000,TRUE,1,1,1
882021250,A&G PROPERTY MANAGEMENT INC,118464,115000,TRUE,1,1,1
252145300,UNLOCKED DOOR LLC,118972,25000,TRUE,4,4,4
056030605,FAIRVIEW PROPERTY DEVELOPMENT LLC,119067,3e+05,TRUE,3,3,3
882963155,KTOL PROPERTY LLC,119604,1100000,FALSE,3,3,3
774016000,LIST ASSOCIATES L P,119982,2670000,TRUE,1,1,1
881006835,1143 NORTH 3RD ASSOCIATES L P,120895,578100,TRUE,1,1,1
441335300,ALL U CAN GET REALTY LLC,120923,500,FALSE,7,7,7
082056000,131 SOUTH 22ND STREET ASSOCIATES; FOGEL MARY G,120932,175000,FALSE,1,1,1
773740401,TRUSTEES OF THE UNIVERSITY OF PENNSYLVANIA,121508,4250000,FALSE,21,21,21
041128400,METRO REHAB LLC,122259,25000,TRUE,1,1,1
881078200,M S FRANKLIN LLC,122527,10000,TRUE,3,3,3
612383500,EAST WEST REALTY GROUP OPPORTUNITY FUND I L P,124388,70000,TRUE,1,1,12
381217000,K HARRY B LLC,127752,15100,FALSE,18,18,19
242163800,BLUE BELL GREETINGS INC,127930,3300,FALSE,1,1,1
343324400,TIKICO LLC,127962,61000,TRUE,3,3,3
182135600,JUNOGI DEVELOPMENT GROUP INC,129193,70000,TRUE,1,1,5
871508580,LOMBARD CAPITAL LLC,129621,1825000,TRUE,5,5,5
084092055,1510-1520 MELON STREET HOLDINGS LLC,129719,850000,FALSE,4,4,4
282061400,DELARK INVESTMENTS LLC,130397,21000,TRUE,16,16,15
043014200,IRWIN UNION BANK & TRUST COMPANY,132467,4200,FALSE,1,1,1
324077200,BLACK ICE CAPITAL INC,133215,35000,TRUE,3,3,4
321280800,MYRTLE BEACH DEVELOPMENT LLC,134931,30000,TRUE,3,3,3
882825100,RIDGE AVENUE REAL ESTATE LLC,135105,4e+05,TRUE,2,2,2
403034100,RESIDENTIAL EQUITY ASSOCIATES LLC,135952,43900,TRUE,23,23,24
112162600,3231 N 15TH ST LP,136022,75000,TRUE,1,1,1
421348100,SIBLINGS PROPERTIES LLC,136297,46000,FALSE,1,1,1
073136300,GREEN HOMES REAL ESTATE L P,137703,16499.52,TRUE,83,83,152
493249400,AM INVESTMENTS GROUP INC,137780,98500,TRUE,1,1,1
314249100,NA CONSULTING LLC,138541,65000,FALSE,1,1,1
881614200,SERENITY APARTMENTS LLC,138567,460000,TRUE,1,1,1
314092400,SOVEREIGN DEVELOPMENT L P,139557,180000,FALSE,5,5,5
332353000,HOMES ARE US LP,140103,52000,TRUE,1,1,1
572393110,TRI-PARTNERS DEVELOPMENT LLC,141399,185000,FALSE,1,1,1
603146600,54TH STREET MANAGEMENT,141729,35000,TRUE,1,1,1
401188100,BROADWAY JUNCTION REALTY LLC,141787,29000,TRUE,9,9,9
403135600,URBAN ADDRESS HOLDINGS INC,142484,37000,TRUE,1,1,1
392176600,BMC 2 LLC,142485,68000,TRUE,25,25,25
882801010,ACADIA CHESTNUT LLC,142873,9840000,TRUE,2,2,2
171175700,S 3 ENTERPRISES LLC,142963,29100,TRUE,31,30,30
604123200,B W INVESTMENT GROUP LLC,143778,23000,TRUE,2,2,2
141055800,BSM PROPERTIES LLC,143991,170000,TRUE,1,1,1
012059400,SECOND SHIFT INVESTMENTS LP,146502,130000,TRUE,1,1,1
073263300,PRINXESS REALTY LLC,146592,15000,TRUE,1,1,1
882131135,BUSTLETON PARTNERS,146796,1e+06,FALSE,1,1,1
453292600,COMMUNITY DEVELOPMENT CORPORATION,147195,55000,FALSE,1,1,1
571158735,ASHTON ESTATES INC,147971,1050000,FALSE,31,31,31
882728375,ANAM PROPERTIES LLC,149536,325000,FALSE,3,3,3
252571100,BLESSED SARNELLI COMMUNITY INC,150246,52000,FALSE,5,5,5
602194150,C & S INVESTMENT GROUP LLC,150538,35000,TRUE,3,3,2
514237800,SUREWAY REAL ESTATE LLC,150886,45000,TRUE,3,3,3
382246200,SAL INVESTMENTS LP,153149,1380000,TRUE,8,8,9
362174400,GRAYS FERRY GROWTH PROPERTIES LLC,155525,26891.89,TRUE,5,5,5
622073900,CUSTOM HOMESTEAD LLC,155683,51000,TRUE,2,2,2
311201800,TIOGA MOUNTAIN INVESTMENT PROPERTIES LLC,156874,59000,TRUE,1,1,1
404268010,BINNFELD KFIR; QBL REAL ESTATE,156956,117000,FALSE,1,1,1
882923371,MEYERS & MEYERS LLC,160661,150000,FALSE,4,4,4
161109100,"PHILLY PROPERTIES GROUP, LLC",161907,20000,TRUE,1,1,1
365204600,CASA HOLDINGS LLC,165059,6500,FALSE,2,2,2
363197300,STICKS AND STONES HOUSING LLC,166168,38000,TRUE,1,1,1
512111400,FITZGERALD INVESTMENT GROUP LLC,166468,9000,TRUE,1,1,1
123181800,DOUBLE B PROPERTIES LLC,166661,40000,TRUE,1,1,1
472004600,88 WAYS LLC,167745,25000,TRUE,1,1,1
881202510,EAST COAST RED LION APARTMENTS (FEE) LLC,168925,8572660,TRUE,2,2,2
501336300,TITAN DEVELOPMENT AND CONSTRUCTION MANAGEMENT LLC,169245,86000,FALSE,1,1,1
882656200,YANG REAL ESTATE LLC,169741,265000,FALSE,1,1,1
364053800,CROSS STEEET LLC,170246,40000,TRUE,1,1,1
061137800,L CRUZ DEVELOPMENT LLC,170658,5000,FALSE,21,21,21
061279050,L CRUZ DEVELOPMENT LLC,170658,21500,FALSE,21,21,21
211538300,SCOTTLYN LLC,170659,11200,FALSE,1,1,1
021517018,FLORIO MEGA CONSTRUCTION INVESTORS AND DEVELOPERS INC,173696,350000,TRUE,1,1,1
652151000,SOLD FAST REALTY LLC,173830,33341,FALSE,2,2,1
361045000,JMF CONSTRUCTION DEVELOPERS LLC,174230,99900,TRUE,1,1,1
314145900,PMR ASSOCIATES LLC,175070,93700,TRUE,2,2,2
622016400,DIAMOND EQUITY GROUP LLC,177356,30000,FALSE,1,1,1
121005200,IONA CARA LLC,177774,372500,TRUE,1,1,1
884181510,INKY WATERFRONT LLC,180572,325000,FALSE,1,1,1
492166400,PAISA LLC,182338,45000,TRUE,1,1,1
593125200,FORTIS INC,182434,124428.48,FALSE,2,2,2
461158400,GOLDIN PPA LLC,182548,171000,TRUE,1,1,1
462055400,B E G LLC,183040,55000,FALSE,4,4,3
884227400,242 GEIGER ACQUISITION LP,184152,1300000,FALSE,1,1,1
882968390,D&E DEVELOPMENT CORP,184697,40000,FALSE,1,1,1
161250200,BEAR AND CO,188424,27500,TRUE,1,1,1
062249500,1131 N 41ST ST LLC,188519,50000,TRUE,1,1,1
572367710,PENNYPACK WOODS HOME OWNERSHIP ASSOCIATION,189678,150000,FALSE,1,1,1
881428830,SML-PROPERTIES-3939 LANCASTER AVENUE LP,190744,2e+05,TRUE,1,1,1
871400465,RARE ROSE ENTERPRISES LLC,191027,1e+05,FALSE,1,1,1
022125500,KURZ/LINDSAY REVOCABLE TRUST,191286,1400000,FALSE,1,1,1
885930140,CLINT PROPERTIES ONE LLC,191332,150000,FALSE,2,2,2
881056053,541 WISTER LP,193131,335000,TRUE,1,1,1
871571970,MARGARET MINI MARKET LLC,193270,120000,TRUE,1,1,1
101284000,DJA PROPERTIES LLC; KNAZEK DAVID J,193511,62500,TRUE,1,1,1
511050600,A E S ASSOCIATES,195518,35000,TRUE,1,1,1
604217300,K&F IV LLC,195990,55000,TRUE,1,1,1
171356100,FAITH VENTURES LLC,197296,5401,TRUE,1,1,1
394152100,KOREAN COMMUNITY DEVELOPMENT SERVICIES CENTER,197952,80000,FALSE,1,1,1
252539900,PHILAMARK MEDIA LLC,198535,16842.24,TRUE,3,3,1
462124200,VENTURES ABBY REAL ESTATE INC,199769,135000,TRUE,1,1,1
172250100,UNITED MORTGAGE GROUP INC,200711,30000,FALSE,1,1,1
421321600,RG INVESTMENTS LLC,201056,26000,TRUE,1,1,1
172399400,ADVANCE REAL ESTATE CONCEPTS L P,201228,85500,TRUE,1,1,2
062149200,G-8 CAPITAL LLC,202030,2000,TRUE,1,1,1
882736500,LUKOIL NORTH AMERICA LLC,202860,701100,FALSE,14,14,14
232248600,MGKB LLC,203925,75000,TRUE,3,3,3
343107600,FANNIE MAE; HUNTINGTON NATIONAL BANK,205032,22000,TRUE,1,1,1
881058000,CHURCH LANE LLLC,205040,2050000,TRUE,1,1,1
871219000,GRYPHON WEBB LLC,205730,16744.32,FALSE,1,1,2
321209100,1700 W BERKS ST LLC,206654,263000,TRUE,2,2,2
056000005,NORTH FRONT STREET REALTY LLC,207359,6e+05,FALSE,3,2,2
022034000,JODI R HARRIS FAMILY TRUST DATED JULY 24 2007; NANCY C CRANE FAMILY TRUST DATED JULY 24 2007,207638,510000,FALSE,1,1,1
884463560,MDM REAL ESTATE ENTERPRISES,208225,65000,FALSE,1,1,1
212140200,RHB BUILDERS LLC,208885,65000,TRUE,1,1,1
481116600,GTROADPARTNERS LLC,209543,40000,TRUE,1,1,1
522173000,SMICK STREET TOWNHOMES LLC,209927,170000,TRUE,9,9,9
511101100,PERALTA INC,210819,30000,FALSE,1,1,1
622289500,ALEKSEYER LLC,211778,30000,TRUE,1,1,1
562262800,1909 BENTON AVE INC,212149,150000,TRUE,1,1,1
776219000,TRUE UNITED CHURCH OF JESUS CHRIST APOSTOLIC INC,213087,4e+05,TRUE,1,1,1
463253900,CASA INVESTMENT III LLC,213100,21200,FALSE,1,1,1
885220960,DEUSS LLC,213540,20000,FALSE,5,5,5
652271806,GLENLOCH ASSOCIATES LLC,214196,230000,FALSE,2,2,2
883822000,404 HOLDINGS LLC,214794,425000,TRUE,1,1,1
321206400,TRI EQUITIES LLC,215238,4907.84,TRUE,1,1,1
593097100,25 W PAMONA ST LLC,215891,60000,FALSE,1,1,1
884343755,2201 NORTH AMERICAN STREEET LLC,215918,245000,FALSE,1,1,1
881601401,AXIS UKA ASSOCIATES LP,216204,7e+06,TRUE,1,1,1
281143600,D & F PROPERTIES INC,217528,125000,FALSE,11,11,11
406001600,6500 ELMWOOD LLC,218119,4e+05,FALSE,3,3,3
881812350,528-40 N 34TH ST LP,218159,345000,TRUE,1,1,1
452059100,YGMGM LLC,218958,11445,TRUE,3,2,2
871297930,PSJY INVESTMENT LLC,221383,1325000,TRUE,1,1,1
871291750,IOKOO INC,222407,72500,TRUE,1,1,1
023117200,618 S 3RD ST LP,222455,305000,TRUE,1,1,1
881150650,LINDLEY TOWERS LP,222505,2075000,TRUE,1,1,1
042219300,TAGEL PROPERTY SERVICES INC,222521,20000,TRUE,1,1,1
871256100,WOORI AMERICA BANK,222926,20000,TRUE,1,1,1
451079000,AK RAMOS PROPERTIES LLC,223021,30000,FALSE,4,4,4
882928490,DIZIO LEHMAN PARTNERSHIP,223446,280000,FALSE,1,1,1
081036100,2032 DELANCY STREET LLC,225704,3450000,FALSE,1,1,1
882971860,PLUMERIA PROPERTIES LLC,225751,190000,FALSE,1,1,1
881551130,GRAN DEVELOPMENT PARTNERS LP,229175,3052560,TRUE,3,3,3
171160415,HSG SOLUTIONS LLC,229380,63705.6,FALSE,2,2,2
292096900,P I R E LLC,229715,24000,TRUE,1,1,1
061197810,BAHA PROPERTY MANAGEMENT LLC,230204,12000,TRUE,1,1,1
292043010,CARAMANICO BREWERYTOWN LLC,230382,35000,TRUE,1,1,1
462072000,ANTHONY ROBERT AIR TIGHT CONSTRUCTION LLC,230772,45000,FALSE,1,1,1
361243505,CENTURY HOME BUILDERS LLC,230976,50000,TRUE,17,17,15
884465265,1201 S 32ND STREET LP; FIRST PLATINUM ABSTRACT LLC,231814,470000,FALSE,1,1,1
081134255,LOMBARD ESTATES LLC,232095,1977728,FALSE,8,8,8
291280350,NINETEENTH STREET DEVELOPMENT LLC,232714,80000,TRUE,2,2,2
033063300,ARTISIAN PROPERTY GROUP LP,233005,20000,TRUE,1,1,1
882927400,BROTHERS PROPERTIES LLC,233151,480000,TRUE,1,1,1
881000302,A2Z DEVELOPMENT LLC,234126,2750000,FALSE,5,5,5
321226900,1930N18THST LLC,234254,475000,TRUE,1,1,1
882012560,DNA HALL LLC,234646,3e+05,FALSE,2,2,2
365204900,OAKWOOD ELM LLC,235898,45000,TRUE,6,6,6
161014100,ADOBE INVESTMENTS LLC,235947,15000,TRUE,1,1,1
884462940,MJROSS PROPERTIES LLC,237729,85000,FALSE,1,1,1
223194100,ABA REAL ESTATE 2 LP; G&J TRUST,237959,55000,FALSE,1,1,1
885587800,5127 LANCASTER AVE LLC,238411,323325.76,FALSE,3,3,3
043292300,1350 PROPERTY INC,238435,18000,TRUE,1,1,1
882137005,6301 E ROOSEVELT BLVD LLC,238971,12500000,FALSE,4,4,4
882770120,4201 MAIN STREET ASSOCIATES LP,239455,330000,FALSE,2,2,2
511119300,O AND EMM LLC,240389,5100,FALSE,3,3,3
301255301,LEAGUE HOLDINGS LLC,240979,496000,FALSE,9,9,9
323036700,PENSCO TRUST COMPANY CUSTODIAN FBO ROBIN R SMITH TRADITIONAL IRA,241374,35000,TRUE,1,1,1
051121605,SOCIETY HILL DEVELOPERS LLC,241409,1100000,FALSE,4,4,4
771168000,MJ CENTRAL INVESTMENT LP,241535,1120000,FALSE,1,1,1
361191600,TITAN STREET DEVELOPMENT LLC,241600,25310,TRUE,1,1,1
011055740,HOWARD STREET DEVELOPMENT LLC,242683,625000,FALSE,6,6,6
882020610,RE INVENTION 2078 SUSQUEHANNA LLC,244026,85000,FALSE,1,1,1
323143300,BRAND NEW SOLUTIONS LLC,246837,25000,TRUE,1,1,1
501506900,A & N REMODELING INC,247080,105000,FALSE,2,2,2
471094002,INGERSOLL DEVELOPMENT GROUP LLC,247922,49135,FALSE,21,20,19
392013700,LIATUSH DEVELOPMENT CORP,248322,225000,FALSE,11,11,14
361100700,LIATUSH DEVELOPMENT CORP,248322,50000,FALSE,11,11,14
361078800,AHN LLC,248812,50000,FALSE,7,6,6
031164100,211 MILLICK LLC,250403,20100,TRUE,1,1,1
871400870,19 N 3RD STREET LLC,250431,625000,TRUE,1,1,1
412197600,HARIOM JAYSHREE LLC,250842,62000,TRUE,1,1,1
111196600,VISIONS M5 DASE INC,251906,35000,FALSE,1,1,1
481126900,SOUTH SIDE PROPERTIES LLC,252214,37500,TRUE,1,1,1
882919325,23RD STREET ACQUISITIONS LP,252323,495000,TRUE,1,1,1
371281300,IRR REALTY LLC,252698,435000,TRUE,1,1,1
885000046,1801 CBM A TO H LLC,252763,110000,FALSE,2,2,2
882390185,SCHWARZ ROBERT D ESTATE OF; TRUSTEES OF THE TRUST UNDER ITEM THIRD A OF ROBERT D SCHWARZ,253083,720000,TRUE,1,1,1
405183800,"HOUSING OPPORTUNITY PARTNERS REO, LLC",253099,36355.86,TRUE,1,1,1
363081705,JKC INVESTMENTS LP,253262,13000,FALSE,9,9,10
055059240,LIGHTHOUSE ON VINE LLC,253896,550000,FALSE,4,4,4
482112400,5129 LOCUST STREET LLC,254027,25000,TRUE,2,2,2
344033000,ASWAD KABILA HOLDINGS LLC,254456,39400,TRUE,1,1,1
241175200,3831 BARING LLC,254719,450000,TRUE,3,3,3
241175000,3831 BARING LLC,254719,450000,TRUE,3,3,3
353064400,BH MOMES LLC,254844,87500,TRUE,1,1,1
881225110,DEROSA CAPITAL 5 LLP,254874,1050000,TRUE,1,1,1
884743500,5960 UPLAND WAY LP,257059,2500000,FALSE,1,1,1
881014827,A&Y PROPERTIES LLC,257476,130000,TRUE,2,2,2
882919500,TURNER MANAGEMENT LLP,257497,22000,TRUE,1,1,1
778215000,TABERNACLE OF THE HOLY SPIRIT,257500,135000,FALSE,2,2,2
361347500,LISA KALUS & ASSOCIATES INC; LISA KALUS HENDLER RPM PROFIT SHARING,258065,60000,TRUE,1,1,1
602069700,WEST PHILOVOI LLC,258770,25000,TRUE,1,1,1
471156500,1608 W MONTGOMERY ST LLC,258794,512000,TRUE,1,1,1
365239300,JLG INVESTMENTS LLC,260338,91000,TRUE,3,3,3
471290010,1419-31 17TH STREET LLC,261029,68000,TRUE,3,3,3
881094100,901 PARTNERS LP,261204,375000,TRUE,1,1,1
522001200,PROTOTYPE HOLDING LLC,261316,60000,FALSE,2,2,1
882965975,1211 E PASSYUNK LLC,261493,1200000,TRUE,1,1,1
141219100,STR8HAND ENTERTAINMENT LLC,261498,125000,FALSE,2,2,2
885799440,1400 GERMANTOWN PARTNERS LLC,262128,160000,TRUE,1,1,1
602187300,434 S 52ND STREET LLC,262157,315000,FALSE,1,1,1
882000170,4943-47 PRINCETON AVE LP,263097,175000,FALSE,1,1,1
012410300,SEQUIOA PROPERTIES III LLC,263574,269900,FALSE,1,1,1
171136500,RVFM 11 SERIES LLC,263734,8005,TRUE,2,2,2
421170300,AMIEL REAL ESTATE HOLDING LLC,264031,48000,TRUE,1,1,1
321042900,E & G REGAS LLC,264993,750000,TRUE,1,1,1
551332300,HUA RONG REALTY INC,265013,95000,TRUE,1,1,1
062243400,809 NORTH 41ST STREET LLC,265383,9404,FALSE,1,1,1
212319000,JS LEMONTE LLC,265484,217500,TRUE,1,1,1
032061110,C + L INVESTMENTS LLC A PA LLC,265744,24000,TRUE,1,1,1
011373200,JNK PROPERTIES LLC,265761,80000,TRUE,1,1,1
871534540,1325 S TAYLOR LLC,266204,2e+05,TRUE,1,1,1
542370100,TANS PROPERTIES LLC,266297,85000,TRUE,1,1,1
871602865,IM 1939 LLC,266481,80000,TRUE,1,1,1
041092600,HARDCOURTS LLC,267434,12000,FALSE,1,1,1
282300900,STARBERRY MANSION PROPERTIES LLC,267515,1100,FALSE,1,1,1
421627100,FU DE LLC,267939,35000,TRUE,1,1,1
882924945,DREAM CHASES REALTY LLC,268326,101100,FALSE,1,1,1
522189700,5720 DREXEL RD ASSOCIATES LLC,268404,205000,TRUE,1,1,1
241214300,PPIO REAL ESTATE LLC,269115,455000,TRUE,1,1,1
621506600,HYPERGATE DEVELOPMENT GROUP LLC,269141,47900,TRUE,1,1,1
884961839,FRANKFORD INVESTMENT LLC,270952,2875000,FALSE,5,5,5
362113200,EQUITY TRUST COMPANY CUSTODIAN FBO SANDRA WEISMAN IRA; KUMAS HOMES LLC,271182,23500,TRUE,7,7,7
062178100,K LANDS LLC,272401,13000,TRUE,2,2,2
251365900,2842 MILLER ST LLC,273386,123500,TRUE,1,1,1
382008400,RIDGE ALLEGHENY HUNTING PARK CIVIC ASSOCIATION,274465,1200,FALSE,1,1,1
452238300,STATEWIDE - PHILLY LLC,275382,26500,TRUE,1,1,1
884944100,4929 WELLINGTON STREET LLC,275672,220000,FALSE,1,1,1
042256100,B & J CAPITAL MANAGEMENT LLC,275819,10500,FALSE,1,1,1
471244900,PHN LLC,276131,205000,TRUE,1,1,1
421335300,BENBOW LLC,279895,55000,FALSE,1,1,1
361002900,W AND D INVESTMENTS LLC,279962,54000,FALSE,1,1,1
041176900,KAMBE LLC,280205,72000,TRUE,2,2,1
871575020,TWOCD LLC,280687,3e+05,TRUE,1,1,1
392247105,MAN BH LLC,280717,350000,FALSE,4,4,4
101240400,RUBLEY CONSTRUCTION INC,281139,52000,FALSE,2,2,2
172001115,Y&J PROPERTY INVESTMENT LLC,281154,85000,FALSE,1,1,1
462038800,TRUST MATTERS LLC,282012,74500,TRUE,1,1,1
881614160,"ZHAIMEN APARTMENT, LLC",282468,530000,TRUE,1,1,1
482070400,NGUYEN HUNG THE,282550,103400,TRUE,1,1,1
131061200,1743 WEST ERIE AVENUE LLC,282670,10000,TRUE,1,1,1
314204300,QBX HOLDINGS LLC,282684,45000,FALSE,1,1,1
521305009,ALB INVESTMENT LLC,282795,17000,FALSE,2,2,2
034028500,EMAGINATION CONTRACTING LLC; RALLS FLORENCE,283120,5000,TRUE,1,1,1
234023200,ADAMS PROPERTY MANAGEMENT LLC,283769,22000,TRUE,1,1,1
451357100,HUGHES COUSINS LLC,283868,112000,FALSE,17,17,16
232112810,CAN SOLUTION LLC,284023,68000,TRUE,1,1,1
151350015,CAXTON LP,284155,70000,TRUE,8,8,8
302305900,PHL DEVELOPMENT LLC,284929,265000,FALSE,4,4,4
491117600,CHARBIT HOLDINGS LLC,286395,35000,TRUE,1,1,1
365179800,NATIONSTAR HECM ACQUISTION TRUST 2015-1; WILMINGTON SAVINGS FUND SOCIETY,286419,125000,FALSE,1,1,1
292120400,AMF HOLDINGS LLC,286735,50000,FALSE,8,8,8
371386900,BJK MECHANICAL SERVICES LLC,286815,10000,FALSE,2,2,2
406166200,2609 S 71ST LLC,286861,68000,TRUE,1,1,1
882920211,MAPA PROPERTIES INC,287045,3435000,FALSE,2,1,1
364175000,RF WASHINGTON LLC,287990,42500,TRUE,3,3,9
273044400,COMMONWEALTH IMPROVEMENT FUND LLC,288461,16200,FALSE,42,41,41
183225700,JO VARONE LLC,288608,30000,FALSE,1,1,1
012180910,F E OLIVIERI LLC,288656,250000,FALSE,1,1,1
583058100,14500 BUSTLETON PIKE LLP,289090,188000,TRUE,1,1,1
321285600,V18 STREET LLC,289399,6145.43,FALSE,10,10,10
882884600,EZRA HOLDINGS FD LLC,291053,1163000,FALSE,1,1,1
071371600,ESPMAL CEDENO INVESTMENT LLC,291058,7100,FALSE,1,1,1
406264600,R&R ETZION INVESTMENTS LLC,291493,30250,TRUE,1,1,1
056307115,J&Z 2015 LLC,291651,5e+05,TRUE,7,7,7
301226100,1527 CARPENTER ST LLC,293621,368000,TRUE,1,1,1
453266000,JUNE 11 LLC,293701,92000,TRUE,5,5,6
871122900,2416 HOLDINGS LLC,293891,1e+06,TRUE,2,2,2
522187800,MADDNICK LLC,294674,210000,TRUE,1,1,1
132266600,STR8 HAND MANAGEMENT INC,294751,2200,FALSE,10,10,10
411208400,Y AND P PROPERTIES LLC,295127,85000,TRUE,2,2,2
022282600,742 S 9TH STREET LLC,295709,450000,FALSE,2,2,2
521440300,G AND R REAL ESTATE HOLDINGS LLC,297067,1e+05,FALSE,1,1,1
291011100,GRIT CAMBRIDGE LLC,297881,125000,FALSE,1,1,1
011258500,335 DICKINSON LLC,297999,410000,TRUE,1,1,1
043062900,TPD REAL ESTAGE LLC,298245,37000,TRUE,1,1,1
884177700,A & R INVESTMENT LLC,298495,2200000,FALSE,1,1,1
591120500,KARKOS LLC,299297,31300,TRUE,1,1,1
421270100,CORESTATE GOUP LLC,299525,46000,TRUE,1,1,1
364187500,1413 S BOUVIER ST LLC,300563,65000,FALSE,2,2,2
362154600,2614 LATONA LLC,300658,15000,FALSE,4,4,4
302258100,GREAT RETURNS LLC,301414,185000,TRUE,3,3,3
371324400,ONE GIRARD PROPERTIES LLC,301800,12100,FALSE,1,1,1
314059901,BSK PH DEVELOPMENT LLC,302370,78000,FALSE,18,18,16
393014900,627 AND 629 DUDLEY LLC,302686,94032,FALSE,2,2,2
363011900,SCP-AMIR LLC OR ASSIGNEE,302761,130000,FALSE,1,1,1
152255410,CIVETTA PROPERTY GROUP LLC,303017,7000,TRUE,6,6,6
161078000,MILLIONLUX INDUSTRIAL LLC,303710,150000,FALSE,5,5,5
592194200,BTV PHIIL 2 LLC,303840,66750,TRUE,1,1,1
123043400,PHILADELPHIA RESTORY LLC,305115,53500,FALSE,2,2,2
112007925,MULTITASK SERVICES AND CONSULTING LLC,305415,3500,TRUE,1,1,1
211341180,CAPPEL CATHERINE A TR; LIPA DALE A TR; LIPA/CAPPEL FAMILY TRUST,306264,610000,FALSE,1,1,1
102431800,PENSCO TRUST COMPANY LLC CUSTODIAN FBO NICOLE BLACK IRA,307368,70000,TRUE,1,1,1
603009700,SUNRISE AGENT INC,307741,55000,FALSE,1,1,1
621497910,5021 GRISCOM LLC,307877,137000,TRUE,1,1,1
191000014,119 W SUSQUEHANNA AVE LLC,308272,2e+05,TRUE,1,1,1
433050400,E R P HOME IMPROVEMENTS INC,308301,25000,TRUE,1,1,1
121197200,ETC RUBICAM LLC,308307,25500,FALSE,1,1,1
171010900,Y & E REALTY HOLDINGS LLC,310082,72900,TRUE,2,2,2
885181720,1753-60 TILGHMAN STREET LLC,310153,1e+05,FALSE,3,3,3
272029500,SKD PROPERTIES LLC,310998,50000,TRUE,1,1,1
363098500,ZJ INVESTMENTS LLC,311632,80000,FALSE,1,1,1
073047900,US BANK NATIONAL ASSOCIATION TR;CITIGROUP MORTGAGE LOAN TRUST INC,311757,13000,TRUE,1,1,1
382243600,SUGDENS ROW LLC,312216,32500,TRUE,4,4,4
056230150,FIVE OLIVE APARTMENTS LLC,312449,270000,TRUE,1,1,1
183321100,REAL BUILDERS LLC,312571,50000,TRUE,4,4,4
603166500,KHATUN FATEMA TR;KAMAL MOHAMMAD MOSTAFA TR;249 SOUTH 55TH STREET INTERVIVOS REVOCABLE TRUST,312943,115000,FALSE,1,1,1
292030800,LK DEVELOPMENT LLC,313691,92500,FALSE,1,1,1
592032400,WALL TO WALL HOMES LLC,313725,65000,TRUE,1,1,1
491411500,TVIB GROUP LLC,314011,45000,TRUE,1,1,1
331375900,J & A REAL ESTATE INVESTORS LLC,314379,16500,TRUE,3,3,3
463026600,NATIONSTAR HECM ACQUISITION TRUST 2017-1;WILMINGTON SAVINGS FUND SOCIETY FSB TR,314587,40000,TRUE,7,6,5
181079700,1107 OXFORD LLC,314730,170000,FALSE,1,1,1
364099600,VS PROPERTIES ENTITY 2 LLC,314756,60000,TRUE,1,1,1
771261000,ZHANG SHENG ZHEN JUN TEMPLE AMERICA,315272,6e+05,FALSE,1,1,1
182070600,GR8TFUL LLC,315633,420000,TRUE,2,2,2
192018500,BLOOMFIELD INVESTMENT PROPERTY LLC,318075,36000,FALSE,2,2,2
775001000,CHESTNUT HILL HOSPITAL LLC,318939,32678651,TRUE,4,4,4
882969875,HARPER EQUITY LLC,319783,1e+06,FALSE,1,1,1
881006780,BS INGERSOLL LLC,320209,2600000,TRUE,1,1,1
363035600,TURNER NEWTON REAL ESTATE LLC,320757,5000,FALSE,3,3,3
663192900,RAL INDUSTRIES LLC;APEX REALTY GROUP,321577,140000,FALSE,2,2,2
777011550,PAHH BROAD STREET MOB LLC,321707,590000,FALSE,1,1,1
034121900,KENAN LLC,323557,10500,FALSE,53,53,53
622405200,C & B LEGACY ENTERPRISE LLC,324586,170000,TRUE,1,1,1
012128700,YOUR HELPFUL HOME SOLUTIONS LLC,324904,89000,TRUE,1,1,1
481009100,SIMONS HOME RENOVATION COMPANY LLC,325117,225000,TRUE,6,6,6
364072100,PINK LEMONADE SOLUTIONS LLC,325351,1e+05,TRUE,1,1,1
191308400,2160 N 5TH LLC,325739,60000,TRUE,2,2,2
881522392,WRIGHT AVENUE ASSOCIATES LLC;NEWTON AVENUE LLC,326547,2580000,TRUE,2,2,2
242045610,3517 HAVERFORD LLC,327236,275000,FALSE,1,1,1
511253600,1818 DALY ST LLC,327325,63000,TRUE,2,2,1
101151700,CHESTERMAN COVE HOLDINGS LLC,327947,78500,FALSE,6,6,6
172229500,PCG CONSTRUCTION LLC,329067,62000,TRUE,1,1,1
882931865,JUBILEE PRESBYTERIAN CHURCH,329901,2e+05,FALSE,1,1,1
111428100,FPR UNIVERSAL LLC,330434,26000,TRUE,1,1,1
182046200,CDP NEARP LLC,330678,3e+05,FALSE,2,2,2
072086000,LOMBARD PROPERTIES LLC,330950,1600,FALSE,12,12,12
112089100,Z CHRISTIE LLC,330951,6600,FALSE,1,1,1
884465145,GOTTAPAYTOPLAY LLC,331342,145000,FALSE,1,1,1
604015600,KUMAS HOMES LLC;HHS REALTY LLC,331380,15000,TRUE,2,2,2
222083700,PKH LTD,332293,90000,FALSE,1,1,1
571330200,TOP LINE PROPERTIES INC,332787,380000,FALSE,14,14,14
392016100,SELECT HOMES LLC,333281,28000,FALSE,1,1,1
651057000,4010 OAKMONT LLC,333301,50000,TRUE,1,1,1
404005900,60TH STREET PROPERTY HOLDING LLC,333464,5000,FALSE,5,4,3
884526480,EAST TIOGA TWO LLC,334781,327344,FALSE,2,2,2
023218300,2007 IRREVOCABLE DEED OF TRUST OF JILL F BONOVITZ;BONOVITZ SHELDON M;BONOVITZ ERIK F,334801,629950,TRUE,1,1,1
062418800,KING ROYAL LLC,335219,5000,FALSE,5,5,5
881213150,GREENE STREET REALTY PARTNERS II LLC,336351,585000,TRUE,1,1,1
621170200,US CHUANGHSI TONGXIANGHUI INC,337394,120000,TRUE,1,1,1
422331000,WZ HOWARD LLC,337650,50000,TRUE,1,1,1
884849300,2840 HEDLEY LLC,338636,1400000,FALSE,1,1,1
031065700,LA HACIENDA FARMS INC,338805,137000,TRUE,1,1,1
371190800,B&B PROJECTS LLC,339545,18000,FALSE,7,7,7
502152500,YU AND LIN LLC,340476,125000,FALSE,1,1,1
314060420,2141-43 E FIRTH ST LLC,340488,1e+06,TRUE,1,1,1
593093700,DECEMBER FIFTH LLC,340491,99900,TRUE,1,1,1
463203500,QUALITY ONE HOMES LLC,340566,18000,TRUE,1,1,1
062083100,ALIYAH PROPERTIES LLC,341338,25000,TRUE,1,1,1
343248300,AMBER RIDGE PROPERTIES LLC,341472,80000,FALSE,1,1,1
291115700,MICHEL MAMAN HOLDINGS INC,341658,110000,TRUE,1,1,1
084139100,HOMEBASE LLC,341940,3e+05,FALSE,1,1,1
452335200,REO OWNER LLC,342058,13400,TRUE,1,1,1
881206510,SOMERTON APARTMENTS 2018 LLC,342123,13562482.5,TRUE,1,1,1
311069003,2334-36 VENTURES ST LLC,342188,255000,FALSE,2,2,2
141126300,BALA SPRING ESTATE LLC,342904,775000,TRUE,3,3,3
061263000,411 BUDD ST LLC,342935,65000,TRUE,1,1,1
131163300,INVEST 4EVER MANAGMENT LLC,343079,26500,FALSE,1,1,1
191441601,NYPAH LLC,343373,40500,FALSE,4,4,4
403311800,PHILADELPHIA MONTESSORI CHARTER SCHOOL,343423,22000,FALSE,1,1,1
582108000,AYDIN INVESTMENTS LLC,344037,245000,FALSE,1,1,1
511159900,GAT HOLDINGS LITCHFIELD LLC,344167,52500,TRUE,1,1,1
885449840,SPARTACUS PROPERTIES LLC,344263,6200,FALSE,5,5,5
124142500,ATLAS INVESTMENTS LLC,345336,75000,TRUE,1,1,1
162028800,CRAIG SHAKEYA;TILLERY GROUP LLC,346105,12000,FALSE,1,1,1
312090800,2621-23 ALMOND STREET LLC,346472,329000,FALSE,3,3,3
622417800,VERTEX PROPERTY MANAGEMENT INC,346673,49000,TRUE,1,1,1
072020400,MOLDO MANAGEMENT INC,346844,20000,FALSE,3,3,3
777135605,L & R DEVELOPMENT LLC,347004,120000,TRUE,1,1,1
372462700,1318 WEST GLENWOOD LLC,347151,50000,FALSE,1,1,1
882932435,5011 TORRESDALE AVENUE LLC,347382,345000,FALSE,2,2,2
364001700,LUX INVESTMENT LLC,347491,190000,TRUE,1,1,1
888181860,MYPAFT LLC,348070,360000,FALSE,1,1,1
101058200,TELLREE LLC,348514,1e+05,FALSE,2,2,2
292119400,OAKNEW LLC,348584,130000,TRUE,1,1,1
502289600,PM INVESTMENT COMFORT LLC,348765,1e+05,TRUE,1,1,1
364183900,GREAT RETURNS LIMITED LIABILITY COMPANY,349647,80000,TRUE,1,1,1
871555870,YOU JIA INVESTMENT LLC,349848,271000,TRUE,1,1,1
775527010,MERMAID EAST ASSOCIATES LLC,350219,4e+06,FALSE,2,2,2
451393500,ALEXAIDAN RENTALS LLC,350558,105000,TRUE,1,1,1
314074510,2134 36 SERGEANT ST LLC,350648,980000,TRUE,1,1,1
404007900,KEDE 1 LLC,350776,55000,FALSE,1,1,1
882927342,PROVCO PINEGOOD FRANKADEMY LLC,350933,80000,FALSE,2,1,1
888087402,PHPK2211 LLC,351013,284000,FALSE,1,1,1
884167300,DENITTIS STEPHEN TR;KEIM ALISON BELL TR;BELL REAL ESTATE TRUST FOR ALISON BELL KEIM,351074,1488950,FALSE,1,1,1
884288400,VEREIT/OW PHILADELPHIA PA LLC,351613,97374674,FALSE,1,1,1
221253300,6530 CHEW LLC,352732,37000,FALSE,1,1,1
402143200,URW ACQUISITION GROUP LLC,352888,48000,TRUE,2,2,2
884350885,NATTAL REALTY LLC,352922,71000,FALSE,8,8,8
364177300,1521 S TAYLOR STREET LLC,353612,75600,TRUE,1,1,1
882917426,ZAYED REALTY LLC,353836,120000,FALSE,3,3,3
888561000,HUASHI 2018 LLC,354032,51000,TRUE,1,1,1
888211119,6901 VALLEY AVE L5 REALTY LLC,354683,95000,FALSE,1,1,1
511274600,CAN REAL INVESTMENTS LLC,354985,47000,FALSE,1,1,1
441289300,MD FATHERS HOUSE LLC,354988,19000,TRUE,2,2,2
871580770,5817-19 WAYNE AVE LLC,355304,1e+05,FALSE,2,2,2
421599000,REALTY MAXX LLC,355653,105000,TRUE,3,3,3
511248900,ACG 1246 RUBY LLC,355962,44000,TRUE,1,1,1
885147620,WP 1547 RIDGE LLC,356571,1050000,TRUE,1,1,1
381027300,INSPIRE ME 2 CHANGE LLC,356784,28000,FALSE,1,1,1
602110900,5134 SPRUCE STREET LLC,357763,3e+05,TRUE,1,1,1
402116700,H MS AUTO REPAIRS LLC,358029,17000,FALSE,1,1,1
582505100,MORTGAGE EQUITY CONVERSION ASSET TRUST 2011-1;MORTGAGE EQUITY CONVERSTION ASSET TRUST 2011-1;U S BANK NATIONAL ASSOCIATION TR,358042,165000,FALSE,1,1,1
888051110,JONES ROBERT DOUGLAS TR;DOUGHERY THOMAS M TR;ROSEMARIE A JONES IRREV TRUST;JONED ROBERT DOUGLAS TR;JONES ROBERT FRANCES TR,358626,355000,FALSE,1,1,1
057138700,938 N 5TH ST LLC,358640,310000,FALSE,1,1,1
881520670,RINA APARTMENTS LLC,359270,560000,TRUE,1,1,1
111378600,BSGOFF LLC,359517,57000,TRUE,1,1,1
171330200,HASDO LLC,360216,75000,TRUE,1,1,1
433388800,RIN PROPERTIES LLC,360679,1000,FALSE,2,2,2
885687480,8797 FRANKFORD LLC,361300,1e+06,FALSE,2,2,2
663409100,SLAVELA INC,361311,153000,FALSE,1,1,1
471302700,THORSTENSON SOKOLSKI GROUP LLC,363270,395100,TRUE,1,1,1
881443730,PELICAN HILL PARTNERS LLC,364073,375000,TRUE,1,1,1
033173900,YOUNG CAROLYN SUE TR;CAROLYN SUE YOUNG REVOCABLE TRUST,364254,194000,FALSE,1,1,1
888062566,VAZIFDAR HOMI TR;VAZIFDAR DONNA TR;HOMI VAZIFDAR AND DONNA VAZIFDAR REVOCABLE TRUST,364587,528000,FALSE,2,2,2
321211900,1830 BOUVIER LLC,365251,255000,TRUE,1,1,1
212012446,422A SEVILLE LLC,365260,25000,TRUE,1,1,1
604086000,SEAMLES PROS LLC,365871,40000,FALSE,1,1,1
221114400,SCAV GROUP LLC,366285,83000,FALSE,1,1,1
512035600,TOWER HILL INVESTEMENTS LLC,366945,5400,FALSE,1,1,1
292120400,1344 NEWKIRK LLC,367047,30000,FALSE,1,1,1
034044600,5822 ASHLAND AVENUE LLC,367635,3000,FALSE,1,1,1
311132102,2045 AMBER ST LLC,369102,149200,TRUE,1,1,1
092120701,737 ALLENS LN LLC,369360,1200000,FALSE,1,1,1
431172600,NORTHEASTERN ALLIANCE HOLDINGS LLC,371185,65000,TRUE,1,1,1
363148200,1937 PIERCE STREET LLC,371697,118000,FALSE,1,1,1
612294900,ERR 320 LLC;RUIZ ELLIOT MIGUEL ANGEL,371854,90000,TRUE,1,1,1
403192500,NBY INVESTMENTS LLC,373803,21500,TRUE,1,1,1
343102200,PWBGH HOLDINGS LLC,373858,70000,TRUE,1,1,1
604119600,GREEN VALLEY CAPITAL LLC,375702,90000,TRUE,1,1,1
252424100,BOBS HOUSE LLC,375900,65000,TRUE,1,1,1
888092854,BENJAMIN BROWN 2020 TRUST,376366,1200000,FALSE,1,1,1
651257500,J & J HOUSING LLC,377125,105000,TRUE,1,1,1
406132000,NAYA HOLDINGS LIMITED LIABILITY COMPANY,378049,55000,TRUE,1,1,1
022005600,CCIF LLC,378284,1500000,FALSE,1,1,1
281285900,HANKINS KEISHA K;MURPHY ERIC K;KEM KARE LLC,378480,55000,FALSE,1,1,1
054242210,267 9TH STREET LLC,378779,1300000,TRUE,1,1,1
871157650,ANK HOLDINGS LLC,379136,250000,TRUE,1,1,1
323172500,REIGN LLC,380607,104999,FALSE,1,1,1
301082600,PLR INVESTMENTS LLC,380824,321000,TRUE,1,1,1
213198905,5643 RIDGE AVENUE LLC,380941,1243566,FALSE,1,1,1
882721800,SYAN INVESTMENT LLC,381160,660519,FALSE,3,3,3
131078300,1538 BUTLER STREET LLC,381608,55000,TRUE,2,2,2
403283900,FIRST PKTAM LLC,382641,18000,FALSE,3,3,3
243068700,H & M DEVELOPMENTS LLC,382958,60000,FALSE,3,3,2
884069000,TGA SC ERIE AVENUE LP,384785,14900000,FALSE,1,1,1
882021450,3317-41 GAUL ST LLC,384926,675000,FALSE,2,1,1
394407900,REGREEN DESIGN LLC;WANG PROPERTIES LTD LLC,385004,253650,TRUE,1,1,1
151338310,2319 PARTNERS LLC,385078,410000,TRUE,1,1,1
885262080,179-83 W HUNTINGDON LLC,386002,240000,FALSE,3,3,3
604180800,2DOC DWELLINGS LLC,386170,105500,TRUE,1,1,1
252249700,GER INVESTMENT LLC,387228,84900,TRUE,1,1,1
406180200,DVT INVESTMENTS LLC,388105,40000,TRUE,1,1,1
391010700,ROCKFORD FLIP LLC,388876,2e+05,FALSE,2,2,2
778018000,EA REAL ESTATE VENTURES LLC,389025,1100000,TRUE,1,1,1
363196600,JDTJ CONSULTING LLC,389215,165000,FALSE,2,2,2
243155200,SHEFA INVESTMENTS OF NJ LLC,389503,85000,FALSE,1,1,1
871010400,WASHINGTON SQUARE VIEW LLC,390868,1460000,TRUE,1,1,1
365370700,CLOUD PROPERTIES GROUP LLC,391297,315000,TRUE,1,1,1
882906221,GENE STERIN TRUST,391635,4e+05,FALSE,2,2,2
132137200,POSITIVE VIBES GROUP LLC,392701,43000,TRUE,1,1,1
482385600,BROKEN GROUND PROPERTIES LLC,392998,230000,FALSE,1,1,1
193229700,VIBHAA LLC,393613,11000,FALSE,43,43,43
871523080,SJI INVESTMENT LLC,397735,132500,FALSE,3,3,3
111196600,3112 N 16 ST LLC,398111,90000,FALSE,1,1,1
884347925,38 JACKSON LLC,398228,2800000,TRUE,1,1,1
371234200,FIVESIXTY LLC,398605,145000,TRUE,1,1,1
652206700,T I HOLDINGS LLC,399042,40000,TRUE,2,2,2
422197000,VESTA 91 LLC,399447,115000,TRUE,1,1,1
102480400,M-M PROPERTY SERVICES LLC,399992,207000,TRUE,1,1,1
301163400,M3C204 LLC,400132,450000,TRUE,1,1,1
882923071,GOOD START INVESTMENT LLC,400495,750000,TRUE,4,4,4
882965750,JEHOVAH JIREH GROUP LLC,400667,475000,TRUE,1,1,1
232376000,BROTHERLY LOVE HOLDINGS LLC,402085,85000,TRUE,1,1,1
252006000,WARD TWO FIVE LLC,402447,17900,FALSE,16,16,16
612283600,SEDDY REAL ESTATE SERVICES LLC,402528,135000,TRUE,1,1,2
181477200,BOBS COTTAGES LLC,402552,295000,FALSE,2,2,2
882924070,1801 E VENANGO ST LLC,403201,540000,FALSE,1,1,1
493249200,ROOM BY ROOM RENOVATIONS LLC,403270,175000,TRUE,1,1,1
132259500,ASSET ASSISTANCE LLC,403354,52500,FALSE,1,1,1
871570870,PERALTA SALCE INC,403364,555000,TRUE,2,2,2
871567140,3514 LLC,403533,161000,FALSE,1,1,1
251019800,KKG TWO LLC,404466,525000,FALSE,2,2,2
611116100,LY RUM;DAO THI CO LAP,405409,180000,FALSE,1,1,1
871165350,WWL HOLDINGS LLC,405448,285000,TRUE,1,1,1
882000204,ARCH ESTATE 3 LLC,405879,3500000,TRUE,1,1,1
661171700,3500 CHURCHILL TRUST,406110,18290.83,FALSE,1,1,1
032051010,ENJ ENTERPRISE LLC,406246,310000,FALSE,1,1,1
888081543,1800 RITTENHOUSE 102 LLC,406348,508888.88,FALSE,1,1,1
583163440,SOUTHAMPTON LEA PROPERTIES LLC,407353,120000,TRUE,3,3,3
462046400,5215 CEDAR AVE PARTNERS LLC,407418,230000,TRUE,1,1,1
542002100,LINW LLC,407800,260000,TRUE,1,1,1
884342723,CALIRANCH LLC,408475,307135,FALSE,3,3,3
011172700,DERCAL INVESTMENT LLC,409917,210000,FALSE,1,1,1
441127600,KAIZON EAST LLC,410374,80000,FALSE,1,1,1
888115216,INTEGRIS HOLDINGS LLC,410613,187500,FALSE,1,1,1
442004500,METANOIA PROPERTY GROUP LLC,412335,52000,TRUE,1,1,1
242233400,UNION STREET FLATS LLC,412746,10000,FALSE,1,1,1
612426200,KHUM INVESTMNETS LLC,412799,77000,TRUE,1,1,1
871546870,JDB CAPITAL INVESTMENTS LLC,413017,2e+05,TRUE,1,1,1
421460400,VERSAILLES VENTURES LLC,413106,55942.19,TRUE,1,1,1
322142300,TOO SMOOTH LLC,413763,80000,FALSE,1,1,1
871524720,LOTUS 1770 MASCHER LLC,413887,445000,TRUE,1,1,1
773074210,PRINCE WITHOUT A CROWN LLC,415507,1150000,FALSE,3,3,3
102527800,LK EQUITIES GROUP LIMITED LIABILITY COMPANY,416080,59706,TRUE,1,1,1
514115700,VINCIMUS REALTY LLC,417262,60000,TRUE,2,2,2
241072800,3209 WINTER STREET LLC,418996,5e+05,TRUE,1,1,1
881564050,REPUBLIC REALTY APARTMENTS LLC,419100,43500000,TRUE,1,1,1
031120100,6107 SPRUCE ST LLC,419106,125000,TRUE,1,1,1
252446401,M&C INVESTMENT ASSOCIATES LLC,419419,40000,FALSE,2,2,2
881146277,1707 MASTER STREET OWNER LP,419600,1040000,TRUE,1,1,1
884460520,ANTHONY BAKER LP,419675,165000,FALSE,1,1,1
022053700,DDRED PROPERTIES LLC,419796,645000,TRUE,1,1,1
491170300,COMPII PROPERTIES LLC,420038,87840,TRUE,1,1,1
213117900,10TH STREET PARTNERS LLC,420483,115000,FALSE,2,2,2
191433600,RUSSELLNY INVESTMENTS LLC,420976,50000,FALSE,3,3,3
502129400,PRO INVESTORS INC,421005,130000,FALSE,3,3,3
392271900,JEUNE A LLC,422526,220000,TRUE,1,1,1
202099100,FIRST STEP PROPERTY LLC,422892,137000,FALSE,1,1,1
622134200,SM RENTALS LLC,423431,70000,TRUE,1,1,1
431147300,HAYNESWORTH LLC,423432,80000,TRUE,1,1,1
881519450,1027 RIDGE LLC,423794,5650000,TRUE,1,1,1
091119300,EAST HIGHLAND PARTNERS,423805,677500,TRUE,1,1,1
131231300,CRCO 3629 N BOUVIER ST LLC,424557,35000,TRUE,1,1,1
871533910,NEW HOME PALACE INC,424681,720000,FALSE,5,5,5
871533900,NEW HOME PALACE INC,424681,480000,FALSE,5,5,5
132391300,WESTSIDE DESIGNS LLC,425282,94500,FALSE,1,1,1
884843512,2024 E WESTMORELAND LLC,425379,1450000,FALSE,5,5,5
252134000,BOARDWALK REAL ESTATE INC,426085,52500,TRUE,1,1,1
882038620,SP INVERSIONES LLC,426405,317123.99,FALSE,1,1,1
882918210,FRANKFORD AVENUE PROPERTY ONE LLC;CMOR ENTERPRISES LLC,426833,445000,FALSE,1,1,1
882072855,PKK PROPERTY LLC,427430,290000,FALSE,1,1,1
381137800,HIGH PROFILE MANAGEMENT LLC,427513,20266.29,TRUE,1,1,1
406015400,SAUDATU INVESTMENTS LLC,428313,50000,FALSE,1,1,1
232413400,ORTEM SHIPPING LLC,428358,56000,FALSE,1,1,1
403296100,FARMERS INTERNATIONAL GROCERY LLC,428441,3e+05,FALSE,3,3,3
252560000,2868 RUTH ST LLC,428743,95999,TRUE,1,1,1
882971800,JUL THE JEWELER LLC,428851,250000,FALSE,1,1,1
433197500,ANGIE S HOME SOLUTIONS LLC,429018,105000,TRUE,1,1,1
042136200,RSW 1 LLC,429032,42500,FALSE,1,1,1
364389200,WYNWOOD EQUITIES LLC,429242,120000,TRUE,1,1,1
882970320,1911 N 2ND STREET LP,429414,478000,FALSE,1,1,1
884348520,4827 LONGSHORE LLC,429911,210000,FALSE,1,1,1
172303100,KANG CHEN HOLDINGS LLC,430053,79000,TRUE,1,1,1
888062266,LOR SU CHEN Y TR;SU CHEN Y LOR TRUST;PANG LISA TR,430085,655000,FALSE,1,1,1
243112705,701 N 40TH ESTATE LLC,430162,5e+05,TRUE,2,2,2
432285300,KINGDOM PROPERTIES I LLC,431729,45000,TRUE,2,2,2
112038100,AMOS FINANCIAL LLC,431982,14027.38,TRUE,1,1,1
211285019,NITSRIK LLC,432052,62300,FALSE,3,3,3
612194500,CLEAR POINT HOSTING LLC,432666,135000,TRUE,1,1,1
112255500,MACDADE PROPERTIES LLC,433375,515000,FALSE,1,1,1
182273100,ZHENG PLAZA LLC,433391,850000,TRUE,1,1,1
032091800,186 N 18TH ST LLC,433438,86000,FALSE,1,1,1
611141500,AQUINO INVESTMENT INC,433516,114000,FALSE,1,1,1
361024900,1936 ANNIN ST LLC,434184,2e+05,TRUE,1,1,1
055007705,BOLD AS LOVE LLC,434959,250000,FALSE,1,1,1
662059300,SDC PROPERTIES S CORP,435169,220000,TRUE,1,1,1
193048400,AJA 88 LLC,435243,11200,FALSE,21,21,21
493064700,WK PROPERTY MANAGEMENT & INVESTMENT LLC,436419,115000,FALSE,1,1,1
112183700,JM HAGELIN LIMITED LIABILITY COMPANY,436516,60000,TRUE,1,1,1
322014800,DA 20TH GROUP LLC,437015,295000,FALSE,1,1,1
111400500,ADAMS MEN GENERAL CONTRACTING COMPANY LLC,437319,45000,TRUE,1,1,1
871562860,LUIGI PIZZA LLC,437889,265000,TRUE,1,1,1
593033100,LASSO PROPERTIES LLC,437919,230000,TRUE,1,1,1
062079700,CROWN ROYAL ASSOCIATES LLC,437957,22450,FALSE,4,4,4
401206600,SUNRISE GOLDEN BREEZE LLC,438262,150000,TRUE,1,1,1
161276400,INVESTMENTS CC LLC,438463,67500,TRUE,1,1,1
882250115,RAYS PROPERTY BOULEVARD LLC,438486,850000,FALSE,1,1,1
882009050,MDN ENTERPRISES OF PHILADELPHIA LLC,438642,1737000,FALSE,3,3,3
881165300,ALR HOMES LLC,438942,1245000,TRUE,1,1,1
133142300,4907MORRISST LLC,439575,82500,TRUE,1,1,1
081044401,I HATE 1945 PANAMA ST LLC,439589,25000,FALSE,1,1,1
232386500,ATKT EDMUND LLC,440360,54500,TRUE,1,1,1
663058500,SALEM ONE FARMS CO,440600,550000,FALSE,1,1,1
882727000,MUOIO ENTERPRISES LLC,441224,2e+06,FALSE,1,1,1
882933730,BJJ REALTY LLC,441974,490000,TRUE,1,1,1
871567670,3728-30 N 6TH ST LLC,442198,85000,TRUE,1,1,1
364043505,FINE PRINT CONSTRUCTION LLC,442353,8000,FALSE,8,8,8
371112600,CORAM DEO BC LLC,442501,52500,TRUE,2,2,2
885219060,NORTH AMERICAN VENTURE LLC,442687,2050000,FALSE,4,4,4
041284305,SJEB HOLDINGS LLC,443446,134000,TRUE,1,1,1
243219100,PTEB2 LLC,443671,155000,FALSE,1,1,1
344366000,ZEN PROPERTY MANAGEMENT LLC,444308,115000,TRUE,1,1,1
882968355,STARWAY AUTO LLC,444389,280000,FALSE,1,1,1
593022800,KATSIRI BRO INVESTMENTS LLC,444417,230000,TRUE,1,1,1
181364600,434 MOYER STREET LLC,444771,3e+05,FALSE,1,1,1
371400600,UNA VIDA INC;KEETON BRYSON,444825,55000,TRUE,1,1,1
885258520,SERGEANT PHILADELPHIA LLC,445060,3e+05,FALSE,5,5,5
071503300,MAGMA PROPERTIES LLC,445154,65000,FALSE,1,1,1
043139100,1529 W ERIE AVENUE LLC,445732,46000,TRUE,1,1,1
222094100,293 DEVELOPEMENT GROUP LLC;293 DEVELOPMENT GROUP LLC,445907,137000,FALSE,1,1,1
884350610,CERINI MARY;CERINI JOSEPH P ESTATE OF,446179,375000,TRUE,1,1,1
262009200,MNP ELITE LLC,446295,180000,FALSE,1,1,1
313218800,PARALLEL DESIGN INVESTMENTS LLC,446401,164500,TRUE,1,1,1
463190000,SHEHATAPROPERTIES LLC,446849,285000,TRUE,1,1,1
291070300,2409 SEYBERT ST LLC,447153,81000,FALSE,2,2,2
122025300,WIBS HOLDINGS LLC,447719,217000,FALSE,1,1,1
882933580,RIDGE BUILDING INC,448614,249000,TRUE,1,1,1
311265300,SELECTIVE REAL ESTATE SOLUTIONS LLC,448751,270000,FALSE,1,1,1
392211900,PINNACLE DESIGN ENTERPRISES LLC,448836,130000,FALSE,1,1,1
042233300,ABUNDANT HOMES LLC,448966,40000,FALSE,1,1,1
511064700,905 SOUTH 54TH STREET INDUSTRIES LLC,449102,145000,TRUE,1,1,1
511024800,MHM MANAGEMENT TR,449114,89000,FALSE,1,1,1
641194000,WINDISH HOME LLC,449305,250000,FALSE,1,1,1
604130900,5533 JANE ST LLC,449546,47750,FALSE,1,1,1
055104500,FAIRMOUNT RESIDENCES LLC,450484,750000,FALSE,4,4,4
151373900,BHO2 PROPERTIES LLC,451095,505000,FALSE,1,1,1
